area,avg_price,crime_per_1000,median_salary,population_size,crimes
barking and dagenham,285617.0833333333,86.84605234856095,29847.333333333332,209723.0,18215.0
barnet,532495.6111111111,69.42595914440227,31564.333333333332,388675.3333333333,26989.666666666668
bexley,333287.22222222225,59.073592191545195,30733.0,246047.33333333334,14538.0
brent,490006.1666666667,89.23852844827877,30399.666666666668,329383.6666666667,29397.333333333332
bromley,437545.6111111112,67.59146190532154,30480.666666666668,329125.3333333333,22251.0
camden,829625.6666666666,136.09921037370273,38387.333333333336,253922.66666666666,34590.666666666664
croydon,366233.1666666667,79.6675808663698,32464.0,384162.3333333333,30606.0
ealing,480361.11111111107,82.27027924320947,29809.333333333332,342638.0,28188.666666666668
enfield,392683.5277777778,76.6399461615593,29096.666666666668,332656.3333333333,25500.333333333332
greenwich,384277.3333333333,88.06641216817923,31992.666666666668,282933.6666666667,24923.0
hackney,543797.4166666666,111.19346986148905,33769.333333333336,276373.3333333333,30735.333333333332
hammersmith and fulham,745841.0833333334,118.11289372923473,37648.0,182692.66666666666,21581.333333333332
haringey,545514.8055555555,109.26814595237163,30332.0,273433.0,29857.333333333332
harrow,463511.0833333333,56.760175357228185,30647.333333333332,249260.33333333334,14149.333333333334
havering,357510.72222222225,71.91551720013587,29407.0,255544.0,18381.0
hillingdon,408214.6944444445,84.35153990972854,32858.333333333336,303212.6666666667,25575.666666666668
hounslow,394665.86111111107,90.272374902751,35429.666666666664,270340.3333333333,24402.333333333332
islington,647358.5833333334,125.6875048647875,39747.333333333336,235669.0,29617.666666666668
kensington and chelsea,1328218.3333333333,136.22248402790703,31554.0,156221.33333333334,21279.333333333332
kingston upon thames,490914.30555555556,65.04470416714852,31018.5,175395.33333333334,11407.0
lambeth,514867.44444444444,107.86716743200482,35302.0,325958.3333333333,35160.333333333336
lewisham,408442.13888888893,83.98311240727215,31825.666666666668,302236.6666666667,25384.0
merton,508249.05555555556,66.13866786208185,29677.666666666668,205755.66666666666,13609.0
newham,356370.30555555556,97.67377118596453,30635.0,346993.0,33913.0
redbridge,408242.88888888893,74.21663459780291,28713.0,301630.6666666667,22394.0
richmond upon thames,657236.9722222221,63.55490209263206,33165.666666666664,196143.33333333334,12466.0
southwark,510149.9722222222,108.30252818158209,38252.666666666664,314903.6666666667,34110.666666666664
sutton,373830.0555555555,57.682897269015676,28372.0,203329.33333333334,11730.333333333334
tower hamlets,454303.0,103.5138680282076,48193.666666666664,310174.3333333333,32118.666666666668
waltham forest,430041.80555555556,82.07637903634703,28679.0,276016.0,22655.333333333332
wandsworth,607770.4722222221,78.55008070300727,33681.0,321942.3333333333,25290.333333333332
westminster,1026780.1111111111,227.90018683201515,41722.333333333336,249244.66666666666,56847.0
